{
  "code": 200,
  "msg": "成功!",
  "data": [
    {
      "type": "41",
      "text": "胡萝卜造型的可爱多功能雨伞，了解一下",
      "user_id": "21088861",
      "name": "蒙面女侠Y",
      "screen_name": "蒙面女侠Y",
      "width": "360",
      "height": "636",
      "themes": null
    },
    {
      "type":"41",
      "text":"水陆两栖，自由变换，还不快来围观一下吗！",
      "user_id":"15262111",
      "name":"共醉江湖",
      "screen_name":"共醉江湖",
      "width":"1024",
      "height":"576",
      "themes":null
    }
  ]
}