[
{"text": "热身-罗伊斯助攻 中锋头筹+造乌龙 德国2-1胜"},
{"text": "热身赛-内马尔复出破门 巴西2-0胜克罗地亚"},
{"text": "热身-曼城核心助攻右翼进球 西班牙1-1瑞士"},
{"text": "热身-凯恩爆射 枪手边锋破门 英格兰2-1小胜"},
{"text": "热身-阿扎尔哑火 无C罗葡萄牙客平比利时"},
{"text": "热身-巴萨2将破门巴神造进球 法国3-1意大利"},
{"text": "热身赛-替补前锋破僵局 10人意大利1-1平荷兰"},
{"text": "热身-梅西帽子戏法+助攻 阿根廷4-0大捷"},
{"text": "热身赛-卢卡库2球丁丁传射 比利时4-0大胜"}
]